species,temperature_K,partial_pressure_Pa,Cp_J_mol_K,H_minus_H298_kJ_mol,S_standard_J_mol_K,pressure_correction_eV,mu_minus_H298_eV,mu_element_enthalpy_reference_eV,source,qualified_for_surface_rate
HF,300.0,1.0,29.137207184666664,0.05359177985002361,173.95995484287874,-0.29763214666165855,-0.8379670714187698,-3.6627093820083316,https://webbook.nist.gov/cgi/cbook.cgi?ID=C7664393&Mask=35,False
HF,300.0,133.32236842105263,29.137207184666664,0.05359177985002361,173.95995484287874,-0.17114425719565693,-0.7114791819527682,-3.53622149254233,https://webbook.nist.gov/cgi/cbook.cgi?ID=C7664393&Mask=35,False
HF,300.0,100000.0,29.137207184666664,0.05359177985002361,173.95995484287874,0.0,-0.5403349247571112,-3.365077235346673,https://webbook.nist.gov/cgi/cbook.cgi?ID=C7664393&Mask=35,False
HF,400.0,1.0,29.151109006,2.968312664266648,182.3450001054973,-0.39684286221554477,-1.1220275699647984,-3.9467698805543603,https://webbook.nist.gov/cgi/cbook.cgi?ID=C7664393&Mask=35,False
HF,400.0,133.32236842105263,29.151109006,2.968312664266648,182.3450001054973,-0.22819234292754254,-0.9533770506767963,-3.778119361266358,https://webbook.nist.gov/cgi/cbook.cgi?ID=C7664393&Mask=35,False
HF,400.0,100000.0,29.151109006,2.968312664266648,182.3450001054973,0.0,-0.7251847077492538,-3.549927018338815,https://webbook.nist.gov/cgi/cbook.cgi?ID=C7664393&Mask=35,False
HF,450.0,1.0,29.155705132879632,4.4259590591573215,185.7787152764833,-0.4464482199924878,-1.2670337024995466,-4.091776013089108,https://webbook.nist.gov/cgi/cbook.cgi?ID=C7664393&Mask=35,False
HF,450.0,133.32236842105263,29.155705132879632,4.4259590591573215,185.7787152764833,-0.2567163857934853,-1.0773018683005442,-3.902044178890106,https://webbook.nist.gov/cgi/cbook.cgi?ID=C7664393&Mask=35,False
HF,450.0,100000.0,29.155705132879632,4.4259590591573215,185.7787152764833,0.0,-0.8205854825070588,-3.645327793096621,https://webbook.nist.gov/cgi/cbook.cgi?ID=C7664393&Mask=35,False
HF,500.0,1.0,29.16844825,5.884020239583322,188.85114513337876,-0.49605357776943093,-1.413722101871606,-4.238464412461168,https://webbook.nist.gov/cgi/cbook.cgi?ID=C7664393&Mask=35,False
HF,500.0,133.32236842105263,29.16844825,5.884020239583322,188.85114513337876,-0.28524042865942817,-1.202908952761603,-4.0276512633511645,https://webbook.nist.gov/cgi/cbook.cgi?ID=C7664393&Mask=35,False
HF,500.0,100000.0,29.16844825,5.884020239583322,188.85114513337876,0.0,-0.9176685241021748,-3.7424108346917366,https://webbook.nist.gov/cgi/cbook.cgi?ID=C7664393&Mask=35,False
HF,600.0,1.0,29.231335650666665,8.803543605599998,194.17389310149997,-0.5952642933233171,-1.711504346450319,-4.536246657039881,https://webbook.nist.gov/cgi/cbook.cgi?ID=C7664393&Mask=35,False
HF,600.0,133.32236842105263,29.231335650666665,8.803543605599998,194.17389310149997,-0.34228851439131386,-1.4585285675183157,-4.283270878107878,https://webbook.nist.gov/cgi/cbook.cgi?ID=C7664393&Mask=35,False
HF,600.0,100000.0,29.231335650666665,8.803543605599998,194.17389310149997,0.0,-1.1162400531270018,-3.9409823637165635,https://webbook.nist.gov/cgi/cbook.cgi?ID=C7664393&Mask=35,False
SiF4,300.0,1.0,73.8162049411111,0.1311463039166938,283.2103330876897,-0.29763214666165855,-1.1768533894716375,-17.91452702815567,https://webbook.nist.gov/cgi/cbook.cgi?ID=C7783611&Mask=3FB7&Units=SI,False
SiF4,300.0,133.32236842105263,73.8162049411111,0.1311463039166938,283.2103330876897,-0.17114425719565693,-1.0503655000056358,-17.788039138689673,https://webbook.nist.gov/cgi/cbook.cgi?ID=C7783611&Mask=3FB7&Units=SI,False
SiF4,300.0,100000.0,73.8162049411111,0.1311463039166938,283.2103330876897,0.0,-0.8792212428099789,-17.616894881494016,https://webbook.nist.gov/cgi/cbook.cgi?ID=C7783611&Mask=3FB7&Units=SI,False
SiF4,400.0,1.0,83.14993856000001,8.01043972266666,305.81338878632425,-0.39684286221554477,-1.5816334752153165,-18.319307113899352,https://webbook.nist.gov/cgi/cbook.cgi?ID=C7783611&Mask=3FB7&Units=SI,False
SiF4,400.0,133.32236842105263,83.14993856000001,8.01043972266666,305.81338878632425,-0.22819234292754254,-1.4129829559273144,-18.150656594611352,https://webbook.nist.gov/cgi/cbook.cgi?ID=C7783611&Mask=3FB7&Units=SI,False
SiF4,400.0,100000.0,83.14993856000001,8.01043972266666,305.81338878632425,0.0,-1.1847906129997718,-17.92246425168381,https://webbook.nist.gov/cgi/cbook.cgi?ID=C7783611&Mask=3FB7&Units=SI,False
SiF4,450.0,1.0,86.65059517007717,12.258054735106043,315.81528223221926,-0.4464482199924878,-1.7923400712370963,-18.530013709921132,https://webbook.nist.gov/cgi/cbook.cgi?ID=C7783611&Mask=3FB7&Units=SI,False
SiF4,450.0,133.32236842105263,86.65059517007717,12.258054735106043,315.81528223221926,-0.2567163857934853,-1.602608237038094,-18.34028187572213,https://webbook.nist.gov/cgi/cbook.cgi?ID=C7783611&Mask=3FB7&Units=SI,False
SiF4,450.0,100000.0,86.65059517007717,12.258054735106043,315.81528223221926,0.0,-1.3458918512446085,-18.083565489928645,https://webbook.nist.gov/cgi/cbook.cgi?ID=C7783611&Mask=3FB7&Units=SI,False
SiF4,500.0,1.0,89.58442624999999,16.666074114583353,325.1011923797835,-0.49605357776943093,-2.008040103232859,-18.745713741916894,https://webbook.nist.gov/cgi/cbook.cgi?ID=C7783611&Mask=3FB7&Units=SI,False
SiF4,500.0,133.32236842105263,89.58442624999999,16.666074114583353,325.1011923797835,-0.28524042865942817,-1.7972269541228565,-18.534900592806892,https://webbook.nist.gov/cgi/cbook.cgi?ID=C7783611&Mask=3FB7&Units=SI,False
SiF4,500.0,100000.0,89.58442624999999,16.666074114583353,325.1011923797835,0.0,-1.5119865254634282,-18.249660164147464,https://webbook.nist.gov/cgi/cbook.cgi?ID=C7783611&Mask=3FB7&Units=SI,False
SiF4,600.0,1.0,94.10545241777777,25.86393832933345,341.85836172790624,-0.5952642933233171,-2.4530708092227926,-19.190744447906827,https://webbook.nist.gov/cgi/cbook.cgi?ID=C7783611&Mask=3FB7&Units=SI,False
SiF4,600.0,133.32236842105263,94.10545241777777,25.86393832933345,341.85836172790624,-0.34228851439131386,-2.200095030290789,-18.937768668974822,https://webbook.nist.gov/cgi/cbook.cgi?ID=C7783611&Mask=3FB7&Units=SI,False
SiF4,600.0,100000.0,94.10545241777777,25.86393832933345,341.85836172790624,0.0,-1.8578065158994752,-18.59548015458351,https://webbook.nist.gov/cgi/cbook.cgi?ID=C7783611&Mask=3FB7&Units=SI,False
NH3,300.0,1.0,35.69695276933333,0.064709005200001,192.99066656996953,-0.29763214666165855,-0.8970236779244611,-1.3727235484637619,https://webbook.nist.gov/cgi/cbook.cgi?ID=C7664417&Plot=on&Type=JANAFG,False
NH3,300.0,133.32236842105263,35.69695276933333,0.064709005200001,192.99066656996953,-0.17114425719565693,-0.7705357884584594,-1.2462356589977601,https://webbook.nist.gov/cgi/cbook.cgi?ID=C7664417&Plot=on&Type=JANAFG,False
NH3,300.0,100000.0,35.69695276933333,0.064709005200001,192.99066656996953,0.0,-0.5993915312628025,-1.0750914018021032,https://webbook.nist.gov/cgi/cbook.cgi?ID=C7664417&Plot=on&Type=JANAFG,False
NH3,400.0,1.0,38.749239852,3.7826765552000055,203.66550252034853,-0.39684286221554477,-1.2019758574946453,-1.677675728033946,https://webbook.nist.gov/cgi/cbook.cgi?ID=C7664417&Plot=on&Type=JANAFG,False
NH3,400.0,133.32236842105263,38.749239852,3.7826765552000055,203.66550252034853,-0.22819234292754254,-1.033325338206643,-1.5090252087459435,https://webbook.nist.gov/cgi/cbook.cgi?ID=C7664417&Plot=on&Type=JANAFG,False
NH3,400.0,100000.0,38.749239852,3.7826765552000055,203.66550252034853,0.0,-0.8051329952791004,-1.280832865818401,https://webbook.nist.gov/cgi/cbook.cgi?ID=C7664417&Plot=on&Type=JANAFG,False
NH3,450.0,1.0,40.388286551592586,5.76101909840834,208.32391124848075,-0.4464482199924878,-1.358345800973625,-1.8340456715129256,https://webbook.nist.gov/cgi/cbook.cgi?ID=C7664417&Plot=on&Type=JANAFG,False
NH3,450.0,133.32236842105263,40.388286551592586,5.76101909840834,208.32391124848075,-0.2567163857934853,-1.1686139667746225,-1.644313837313923,https://webbook.nist.gov/cgi/cbook.cgi?ID=C7664417&Plot=on&Type=JANAFG,False
NH3,450.0,100000.0,40.388286551592586,5.76101909840834,208.32391124848075,0.0,-0.911897580981137,-1.3875974515204377,https://webbook.nist.gov/cgi/cbook.cgi?ID=C7664417&Plot=on&Type=JANAFG,False
NH3,500.0,1.0,42.0340695,7.821607749999998,212.6644823586468,-0.49605357776943093,-1.5170443466401335,-1.992744217179434,https://webbook.nist.gov/cgi/cbook.cgi?ID=C7664417&Plot=on&Type=JANAFG,False
NH3,500.0,133.32236842105263,42.0340695,7.821607749999998,212.6644823586468,-0.28524042865942817,-1.306231197530131,-1.7819310680694316,https://webbook.nist.gov/cgi/cbook.cgi?ID=C7664417&Plot=on&Type=JANAFG,False
NH3,500.0,100000.0,42.0340695,7.821607749999998,212.6644823586468,0.0,-1.0209907688707027,-1.4966906394100035,https://webbook.nist.gov/cgi/cbook.cgi?ID=C7664417&Plot=on&Type=JANAFG,False
NH3,600.0,1.0,45.26344322133333,12.1874667632,220.61543806198938,-0.5952642933233171,-1.8408608356080973,-2.316560706147398,https://webbook.nist.gov/cgi/cbook.cgi?ID=C7664417&Plot=on&Type=JANAFG,False
NH3,600.0,133.32236842105263,45.26344322133333,12.1874667632,220.61543806198938,-0.34228851439131386,-1.5878850566760943,-2.063584927215395,https://webbook.nist.gov/cgi/cbook.cgi?ID=C7664417&Plot=on&Type=JANAFG,False
NH3,600.0,100000.0,45.26344322133333,12.1874667632,220.61543806198938,0.0,-1.2455965422847803,-1.7212964128240809,https://webbook.nist.gov/cgi/cbook.cgi?ID=C7664417&Plot=on&Type=JANAFG,False
H2,300.0,1.0,28.84948318644444,0.05350957581666371,130.8585684767772,-0.29763214666165855,-0.703953606146433,-0.703953606146433,https://webbook.nist.gov/cgi/cbook.cgi?ID=C1333740&Table=on&Type=JANAFG,False
H2,300.0,133.32236842105263,28.84948318644444,0.05350957581666371,130.8585684767772,-0.17114425719565693,-0.5774657166804312,-0.5774657166804312,https://webbook.nist.gov/cgi/cbook.cgi?ID=C1333740&Table=on&Type=JANAFG,False
H2,300.0,100000.0,28.84948318644444,0.05350957581666371,130.8585684767772,0.0,-0.4063214594847743,-0.4063214594847743,https://webbook.nist.gov/cgi/cbook.cgi?ID=C1333740&Table=on&Type=JANAFG,False
H2,400.0,1.0,29.181610324000005,2.959149521066667,139.2153391447656,-0.39684286221554477,-0.9433195646997475,-0.9433195646997475,https://webbook.nist.gov/cgi/cbook.cgi?ID=C1333740&Table=on&Type=JANAFG,False
H2,400.0,133.32236842105263,29.181610324000005,2.959149521066667,139.2153391447656,-0.22819234292754254,-0.7746690454117452,-0.7746690454117452,https://webbook.nist.gov/cgi/cbook.cgi?ID=C1333740&Table=on&Type=JANAFG,False
H2,400.0,100000.0,29.181610324000005,2.959149521066667,139.2153391447656,0.0,-0.5464767024842027,-0.5464767024842027,https://webbook.nist.gov/cgi/cbook.cgi?ID=C1333740&Table=on&Type=JANAFG,False
H2,450.0,1.0,29.232104977614195,4.419633734745487,142.65568653931115,-0.4464482199924878,-1.0659768456653564,-1.0659768456653564,https://webbook.nist.gov/cgi/cbook.cgi?ID=C1333740&Table=on&Type=JANAFG,False
H2,450.0,133.32236842105263,29.232104977614195,4.419633734745487,142.65568653931115,-0.2567163857934853,-0.8762450114663539,-0.8762450114663539,https://webbook.nist.gov/cgi/cbook.cgi?ID=C1333740&Table=on&Type=JANAFG,False
H2,450.0,100000.0,29.232104977614195,4.419633734745487,142.65568653931115,0.0,-0.6195286256728686,-0.6195286256728686,https://webbook.nist.gov/cgi/cbook.cgi?ID=C1333740&Table=on&Type=JANAFG,False
H2,500.0,1.0,29.26183225,5.882022052083334,145.73721903074005,-0.49605357776943093,-1.1903206335917254,-1.1903206335917254,https://webbook.nist.gov/cgi/cbook.cgi?ID=C1333740&Table=on&Type=JANAFG,False
H2,500.0,133.32236842105263,29.26183225,5.882022052083334,145.73721903074005,-0.28524042865942817,-0.9795074844817228,-0.9795074844817228,https://webbook.nist.gov/cgi/cbook.cgi?ID=C1333740&Table=on&Type=JANAFG,False
H2,500.0,100000.0,29.26183225,5.882022052083334,145.73721903074005,0.0,-0.6942670558222944,-0.6942670558222944,https://webbook.nist.gov/cgi/cbook.cgi?ID=C1333740&Table=on&Type=JANAFG,False
H2,600.0,1.0,29.324561887111113,8.811079707733333,151.07735219403716,-0.5952642933233171,-1.443427737525405,-1.443427737525405,https://webbook.nist.gov/cgi/cbook.cgi?ID=C1333740&Table=on&Type=JANAFG,False
H2,600.0,133.32236842105263,29.324561887111113,8.811079707733333,151.07735219403716,-0.34228851439131386,-1.1904519585934017,-1.1904519585934017,https://webbook.nist.gov/cgi/cbook.cgi?ID=C1333740&Table=on&Type=JANAFG,False
H2,600.0,100000.0,29.324561887111113,8.811079707733333,151.07735219403716,0.0,-0.8481634442020878,-0.8481634442020878,https://webbook.nist.gov/cgi/cbook.cgi?ID=C1333740&Table=on&Type=JANAFG,False
HCl,300.0,1.0,29.137704416888887,0.053484542933333046,187.08121248321353,-0.29763214666165855,-0.8787658585752075,-1.835512422726778,https://webbook.nist.gov/cgi/cbook.cgi?ID=C7647010&Mask=7,False
HCl,300.0,133.32236842105263,29.137704416888887,0.053484542933333046,187.08121248321353,-0.17114425719565693,-0.7522779691092057,-1.7090245332607763,https://webbook.nist.gov/cgi/cbook.cgi?ID=C7647010&Mask=7,False
HCl,300.0,100000.0,29.137704416888887,0.053484542933333046,187.08121248321353,0.0,-0.5811337119135489,-1.5378802760651193,https://webbook.nist.gov/cgi/cbook.cgi?ID=C7647010&Mask=7,False
HCl,400.0,1.0,29.170561295999995,2.9685105695999994,195.46701913119986,-0.39684286221554477,-1.1764255762673508,-2.133172140418921,https://webbook.nist.gov/cgi/cbook.cgi?ID=C7647010&Mask=7,False
HCl,400.0,133.32236842105263,29.170561295999995,2.9685105695999994,195.46701913119986,-0.22819234292754254,-1.0077750569793487,-1.9645216211309193,https://webbook.nist.gov/cgi/cbook.cgi?ID=C7647010&Mask=7,False
HCl,400.0,100000.0,29.170561295999995,2.9685105695999994,195.46701913119986,0.0,-0.7795827140518062,-1.7363292782033766,https://webbook.nist.gov/cgi/cbook.cgi?ID=C7647010&Mask=7,False
HCl,450.0,1.0,29.221314054839503,4.42817140144723,198.90542640489625,-0.4464482199924878,-1.3282327214131102,-2.2849792855646807,https://webbook.nist.gov/cgi/cbook.cgi?ID=C7647010&Mask=7,False
HCl,450.0,133.32236842105263,29.221314054839503,4.42817140144723,198.90542640489625,-0.2567163857934853,-1.1385008872141076,-2.0952474513656782,https://webbook.nist.gov/cgi/cbook.cgi?ID=C7647010&Mask=7,False
HCl,450.0,100000.0,29.221314054839503,4.42817140144723,198.90542640489625,0.0,-0.8817845014206224,-1.8385310655721927,https://webbook.nist.gov/cgi/cbook.cgi?ID=C7647010&Mask=7,False
HCl,500.0,1.0,29.306594999999998,5.891220000000004,201.98829875680008,-0.49605357776943093,-1.4817259829476268,-2.438472547099197,https://webbook.nist.gov/cgi/cbook.cgi?ID=C7647010&Mask=7,False
HCl,500.0,133.32236842105263,29.306594999999998,5.891220000000004,201.98829875680008,-0.28524042865942817,-1.270912833837624,-2.2276593979891945,https://webbook.nist.gov/cgi/cbook.cgi?ID=C7647010&Mask=7,False
HCl,500.0,100000.0,29.306594999999998,5.891220000000004,201.98829875680008,0.0,-0.985672405178196,-1.9424189693297664,https://webbook.nist.gov/cgi/cbook.cgi?ID=C7647010&Mask=7,False
HCl,600.0,1.0,29.58332924622222,8.83456558026667,207.3538876250801,-0.5952642933233171,-1.7931434367258696,-2.74989000087744,https://webbook.nist.gov/cgi/cbook.cgi?ID=C7647010&Mask=7,False
HCl,600.0,133.32236842105263,29.58332924622222,8.83456558026667,207.3538876250801,-0.34228851439131386,-1.5401676577938666,-2.4969142219454366,https://webbook.nist.gov/cgi/cbook.cgi?ID=C7647010&Mask=7,False
HCl,600.0,100000.0,29.58332924622222,8.83456558026667,207.3538876250801,0.0,-1.1978791434025524,-2.154625707554123,https://webbook.nist.gov/cgi/cbook.cgi?ID=C7647010&Mask=7,False
H2O,500.0,1.0,35.21836175,6.92464479166668,206.5340700842568,-0.49605357776943093,-1.49457208965406,-4.000926109257179,https://webbook.nist.gov/cgi/cbook.cgi?ID=C7732185&Table=on&Type=JANAFG,False
H2O,500.0,133.32236842105263,35.21836175,6.92464479166668,206.5340700842568,-0.28524042865942817,-1.2837589405440573,-3.790112960147176,https://webbook.nist.gov/cgi/cbook.cgi?ID=C7732185&Table=on&Type=JANAFG,False
H2O,500.0,100000.0,35.21836175,6.92464479166668,206.5340700842568,0.0,-0.9985185118846291,-3.5048725314877482,https://webbook.nist.gov/cgi/cbook.cgi?ID=C7732185&Table=on&Type=JANAFG,False
H2O,600.0,1.0,36.317861208888885,10.500564354666665,213.05069752518938,-0.5952642933233171,-1.811302540572104,-4.317656560175223,https://webbook.nist.gov/cgi/cbook.cgi?ID=C7732185&Table=on&Type=JANAFG,False
H2O,600.0,133.32236842105263,36.317861208888885,10.500564354666665,213.05069752518938,-0.34228851439131386,-1.5583267616401004,-4.0646807812432195,https://webbook.nist.gov/cgi/cbook.cgi?ID=C7732185&Table=on&Type=JANAFG,False
H2O,600.0,100000.0,36.317861208888885,10.500564354666665,213.05069752518938,0.0,-1.2160382472487867,-3.7223922668519056,https://webbook.nist.gov/cgi/cbook.cgi?ID=C7732185&Table=on&Type=JANAFG,False
