pathway,temperature_K,assumed_prefactor_s,barrier_eV,conditional_hazard_s,interpretation
P1a,300.0,100000000000.0,0.45,2756.339582670432,Sensitivity of occupied reaction complex only; reference conventions/prefactors unresolved
P1a,300.0,1000000000000.0,0.45,27563.39582670432,Sensitivity of occupied reaction complex only; reference conventions/prefactors unresolved
P1a,300.0,10000000000000.0,0.45,275633.95826704317,Sensitivity of occupied reaction complex only; reference conventions/prefactors unresolved
P1a,400.0,100000000000.0,0.45,213919.08948032578,Sensitivity of occupied reaction complex only; reference conventions/prefactors unresolved
P1a,400.0,1000000000000.0,0.45,2139190.8948032577,Sensitivity of occupied reaction complex only; reference conventions/prefactors unresolved
P1a,400.0,10000000000000.0,0.45,21391908.94803258,Sensitivity of occupied reaction complex only; reference conventions/prefactors unresolved
P1a,500.0,100000000000.0,0.45,2912055.4015155914,Sensitivity of occupied reaction complex only; reference conventions/prefactors unresolved
P1a,500.0,1000000000000.0,0.45,29120554.015155915,Sensitivity of occupied reaction complex only; reference conventions/prefactors unresolved
P1a,500.0,10000000000000.0,0.45,291205540.1515591,Sensitivity of occupied reaction complex only; reference conventions/prefactors unresolved
P1a,600.0,100000000000.0,0.45,16602227.509194156,Sensitivity of occupied reaction complex only; reference conventions/prefactors unresolved
P1a,600.0,1000000000000.0,0.45,166022275.09194157,Sensitivity of occupied reaction complex only; reference conventions/prefactors unresolved
P1a,600.0,10000000000000.0,0.45,1660222750.9194157,Sensitivity of occupied reaction complex only; reference conventions/prefactors unresolved
P1b,300.0,100000000000.0,2.1,5.266871250102575e-25,Sensitivity of occupied reaction complex only; reference conventions/prefactors unresolved
P1b,300.0,1000000000000.0,2.1,5.266871250102575e-24,Sensitivity of occupied reaction complex only; reference conventions/prefactors unresolved
P1b,300.0,10000000000000.0,2.1,5.266871250102575e-23,Sensitivity of occupied reaction complex only; reference conventions/prefactors unresolved
P1b,400.0,100000000000.0,2.1,3.4766784572117766e-16,Sensitivity of occupied reaction complex only; reference conventions/prefactors unresolved
P1b,400.0,1000000000000.0,2.1,3.476678457211777e-15,Sensitivity of occupied reaction complex only; reference conventions/prefactors unresolved
P1b,400.0,10000000000000.0,2.1,3.4766784572117766e-14,Sensitivity of occupied reaction complex only; reference conventions/prefactors unresolved
P1b,500.0,100000000000.0,2.1,6.806621814074356e-11,Sensitivity of occupied reaction complex only; reference conventions/prefactors unresolved
P1b,500.0,1000000000000.0,2.1,6.806621814074355e-10,Sensitivity of occupied reaction complex only; reference conventions/prefactors unresolved
P1b,500.0,10000000000000.0,2.1,6.806621814074355e-09,Sensitivity of occupied reaction complex only; reference conventions/prefactors unresolved
P1b,600.0,100000000000.0,2.1,2.294966503045867e-07,Sensitivity of occupied reaction complex only; reference conventions/prefactors unresolved
P1b,600.0,1000000000000.0,2.1,2.294966503045867e-06,Sensitivity of occupied reaction complex only; reference conventions/prefactors unresolved
P1b,600.0,10000000000000.0,2.1,2.294966503045867e-05,Sensitivity of occupied reaction complex only; reference conventions/prefactors unresolved
P1c,300.0,100000000000.0,0.02,46133328259.72461,Sensitivity of occupied reaction complex only; reference conventions/prefactors unresolved
P1c,300.0,1000000000000.0,0.02,461333282597.2461,Sensitivity of occupied reaction complex only; reference conventions/prefactors unresolved
P1c,300.0,10000000000000.0,0.02,4613332825972.461,Sensitivity of occupied reaction complex only; reference conventions/prefactors unresolved
P1c,400.0,100000000000.0,0.02,55977189640.186485,Sensitivity of occupied reaction complex only; reference conventions/prefactors unresolved
P1c,400.0,1000000000000.0,0.02,559771896401.8649,Sensitivity of occupied reaction complex only; reference conventions/prefactors unresolved
P1c,400.0,10000000000000.0,0.02,5597718964018.648,Sensitivity of occupied reaction complex only; reference conventions/prefactors unresolved
P1c,500.0,100000000000.0,0.02,62864993152.31228,Sensitivity of occupied reaction complex only; reference conventions/prefactors unresolved
P1c,500.0,1000000000000.0,0.02,628649931523.1228,Sensitivity of occupied reaction complex only; reference conventions/prefactors unresolved
P1c,500.0,10000000000000.0,0.02,6286499315231.228,Sensitivity of occupied reaction complex only; reference conventions/prefactors unresolved
P1c,600.0,100000000000.0,0.02,67921519608.82839,Sensitivity of occupied reaction complex only; reference conventions/prefactors unresolved
P1c,600.0,1000000000000.0,0.02,679215196088.2839,Sensitivity of occupied reaction complex only; reference conventions/prefactors unresolved
P1c,600.0,10000000000000.0,0.02,6792151960882.84,Sensitivity of occupied reaction complex only; reference conventions/prefactors unresolved
P1d,300.0,100000000000.0,0.72,0.08026613570126691,Sensitivity of occupied reaction complex only; reference conventions/prefactors unresolved
P1d,300.0,1000000000000.0,0.72,0.8026613570126692,Sensitivity of occupied reaction complex only; reference conventions/prefactors unresolved
P1d,300.0,10000000000000.0,0.72,8.026613570126692,Sensitivity of occupied reaction complex only; reference conventions/prefactors unresolved
P1d,400.0,100000000000.0,0.72,84.80066661496132,Sensitivity of occupied reaction complex only; reference conventions/prefactors unresolved
P1d,400.0,1000000000000.0,0.72,848.0066661496132,Sensitivity of occupied reaction complex only; reference conventions/prefactors unresolved
P1d,400.0,10000000000000.0,0.72,8480.066661496132,Sensitivity of occupied reaction complex only; reference conventions/prefactors unresolved
P1d,500.0,100000000000.0,0.72,5529.927187547123,Sensitivity of occupied reaction complex only; reference conventions/prefactors unresolved
P1d,500.0,1000000000000.0,0.72,55299.27187547123,Sensitivity of occupied reaction complex only; reference conventions/prefactors unresolved
P1d,500.0,10000000000000.0,0.72,552992.7187547124,Sensitivity of occupied reaction complex only; reference conventions/prefactors unresolved
P1d,600.0,100000000000.0,0.72,89591.36995339836,Sensitivity of occupied reaction complex only; reference conventions/prefactors unresolved
P1d,600.0,1000000000000.0,0.72,895913.6995339836,Sensitivity of occupied reaction complex only; reference conventions/prefactors unresolved
P1d,600.0,10000000000000.0,0.72,8959136.995339837,Sensitivity of occupied reaction complex only; reference conventions/prefactors unresolved
P2a,300.0,100000000000.0,0.68,0.37714015889962627,Sensitivity of occupied reaction complex only; reference conventions/prefactors unresolved
P2a,300.0,1000000000000.0,0.68,3.771401588996263,Sensitivity of occupied reaction complex only; reference conventions/prefactors unresolved
P2a,300.0,10000000000000.0,0.68,37.714015889962624,Sensitivity of occupied reaction complex only; reference conventions/prefactors unresolved
P2a,400.0,100000000000.0,0.68,270.63071490536504,Sensitivity of occupied reaction complex only; reference conventions/prefactors unresolved
P2a,400.0,1000000000000.0,0.68,2706.307149053651,Sensitivity of occupied reaction complex only; reference conventions/prefactors unresolved
P2a,400.0,10000000000000.0,0.68,27063.071490536506,Sensitivity of occupied reaction complex only; reference conventions/prefactors unresolved
P2a,500.0,100000000000.0,0.68,13992.704664127179,Sensitivity of occupied reaction complex only; reference conventions/prefactors unresolved
P2a,500.0,1000000000000.0,0.68,139927.0466412718,Sensitivity of occupied reaction complex only; reference conventions/prefactors unresolved
P2a,500.0,10000000000000.0,0.68,1399270.466412718,Sensitivity of occupied reaction complex only; reference conventions/prefactors unresolved
P2a,600.0,100000000000.0,0.68,194200.9677884295,Sensitivity of occupied reaction complex only; reference conventions/prefactors unresolved
P2a,600.0,1000000000000.0,0.68,1942009.677884295,Sensitivity of occupied reaction complex only; reference conventions/prefactors unresolved
P2a,600.0,10000000000000.0,0.68,19420096.77884295,Sensitivity of occupied reaction complex only; reference conventions/prefactors unresolved
P2b,300.0,100000000000.0,1.8,5.772060672294468e-20,Sensitivity of occupied reaction complex only; reference conventions/prefactors unresolved
P2b,300.0,1000000000000.0,1.8,5.772060672294468e-19,Sensitivity of occupied reaction complex only; reference conventions/prefactors unresolved
P2b,300.0,10000000000000.0,1.8,5.772060672294468e-18,Sensitivity of occupied reaction complex only; reference conventions/prefactors unresolved
P2b,400.0,100000000000.0,1.8,2.0941036106669647e-12,Sensitivity of occupied reaction complex only; reference conventions/prefactors unresolved
P2b,400.0,1000000000000.0,1.8,2.094103610666965e-11,Sensitivity of occupied reaction complex only; reference conventions/prefactors unresolved
P2b,400.0,10000000000000.0,1.8,2.0941036106669648e-10,Sensitivity of occupied reaction complex only; reference conventions/prefactors unresolved
P2b,500.0,100000000000.0,1.8,7.191153058341817e-08,Sensitivity of occupied reaction complex only; reference conventions/prefactors unresolved
P2b,500.0,1000000000000.0,1.8,7.191153058341816e-07,Sensitivity of occupied reaction complex only; reference conventions/prefactors unresolved
P2b,500.0,10000000000000.0,1.8,7.191153058341816e-06,Sensitivity of occupied reaction complex only; reference conventions/prefactors unresolved
P2b,600.0,100000000000.0,1.8,7.59740789499581e-05,Sensitivity of occupied reaction complex only; reference conventions/prefactors unresolved
P2b,600.0,1000000000000.0,1.8,0.0007597407894995811,Sensitivity of occupied reaction complex only; reference conventions/prefactors unresolved
P2b,600.0,10000000000000.0,1.8,0.0075974078949958114,Sensitivity of occupied reaction complex only; reference conventions/prefactors unresolved
P2c,300.0,100000000000.0,0.79,0.0053528381450815374,Sensitivity of occupied reaction complex only; reference conventions/prefactors unresolved
P2c,300.0,1000000000000.0,0.79,0.05352838145081537,Sensitivity of occupied reaction complex only; reference conventions/prefactors unresolved
P2c,300.0,10000000000000.0,0.79,0.5352838145081538,Sensitivity of occupied reaction complex only; reference conventions/prefactors unresolved
P2c,400.0,100000000000.0,0.79,11.128537249059434,Sensitivity of occupied reaction complex only; reference conventions/prefactors unresolved
P2c,400.0,1000000000000.0,0.79,111.28537249059434,Sensitivity of occupied reaction complex only; reference conventions/prefactors unresolved
P2c,400.0,10000000000000.0,0.79,1112.8537249059434,Sensitivity of occupied reaction complex only; reference conventions/prefactors unresolved
P2c,500.0,100000000000.0,0.79,1089.3074328509226,Sensitivity of occupied reaction complex only; reference conventions/prefactors unresolved
P2c,500.0,1000000000000.0,0.79,10893.074328509227,Sensitivity of occupied reaction complex only; reference conventions/prefactors unresolved
P2c,500.0,10000000000000.0,0.79,108930.74328509228,Sensitivity of occupied reaction complex only; reference conventions/prefactors unresolved
P2c,600.0,100000000000.0,0.79,23136.201384586748,Sensitivity of occupied reaction complex only; reference conventions/prefactors unresolved
P2c,600.0,1000000000000.0,0.79,231362.01384586748,Sensitivity of occupied reaction complex only; reference conventions/prefactors unresolved
P2c,600.0,10000000000000.0,0.79,2313620.138458675,Sensitivity of occupied reaction complex only; reference conventions/prefactors unresolved
P2d,300.0,100000000000.0,0.75,0.02515095825857946,Sensitivity of occupied reaction complex only; reference conventions/prefactors unresolved
P2d,300.0,1000000000000.0,0.75,0.25150958258579464,Sensitivity of occupied reaction complex only; reference conventions/prefactors unresolved
P2d,300.0,10000000000000.0,0.75,2.515095825857946,Sensitivity of occupied reaction complex only; reference conventions/prefactors unresolved
P2d,400.0,100000000000.0,0.75,35.5153339211203,Sensitivity of occupied reaction complex only; reference conventions/prefactors unresolved
P2d,400.0,1000000000000.0,0.75,355.15333921120305,Sensitivity of occupied reaction complex only; reference conventions/prefactors unresolved
P2d,400.0,10000000000000.0,0.75,3551.5333921120305,Sensitivity of occupied reaction complex only; reference conventions/prefactors unresolved
P2d,500.0,100000000000.0,0.75,2756.339582670432,Sensitivity of occupied reaction complex only; reference conventions/prefactors unresolved
P2d,500.0,1000000000000.0,0.75,27563.39582670432,Sensitivity of occupied reaction complex only; reference conventions/prefactors unresolved
P2d,500.0,10000000000000.0,0.75,275633.95826704317,Sensitivity of occupied reaction complex only; reference conventions/prefactors unresolved
P2d,600.0,100000000000.0,0.75,50150.73106005481,Sensitivity of occupied reaction complex only; reference conventions/prefactors unresolved
P2d,600.0,1000000000000.0,0.75,501507.3106005481,Sensitivity of occupied reaction complex only; reference conventions/prefactors unresolved
P2d,600.0,10000000000000.0,0.75,5015073.1060054805,Sensitivity of occupied reaction complex only; reference conventions/prefactors unresolved
P2e,300.0,100000000000.0,0.81,0.002469442392682219,Sensitivity of occupied reaction complex only; reference conventions/prefactors unresolved
P2e,300.0,1000000000000.0,0.81,0.02469442392682219,Sensitivity of occupied reaction complex only; reference conventions/prefactors unresolved
P2e,300.0,10000000000000.0,0.81,0.24694423926822187,Sensitivity of occupied reaction complex only; reference conventions/prefactors unresolved
P2e,400.0,100000000000.0,0.81,6.229442400084798,Sensitivity of occupied reaction complex only; reference conventions/prefactors unresolved
P2e,400.0,1000000000000.0,0.81,62.29442400084798,Sensitivity of occupied reaction complex only; reference conventions/prefactors unresolved
P2e,400.0,10000000000000.0,0.81,622.9442400084798,Sensitivity of occupied reaction complex only; reference conventions/prefactors unresolved
P2e,500.0,100000000000.0,0.81,684.7930430693611,Sensitivity of occupied reaction complex only; reference conventions/prefactors unresolved
P2e,500.0,1000000000000.0,0.81,6847.930430693612,Sensitivity of occupied reaction complex only; reference conventions/prefactors unresolved
P2e,500.0,10000000000000.0,0.81,68479.30430693612,Sensitivity of occupied reaction complex only; reference conventions/prefactors unresolved
P2e,600.0,100000000000.0,0.81,15714.459560170113,Sensitivity of occupied reaction complex only; reference conventions/prefactors unresolved
P2e,600.0,1000000000000.0,0.81,157144.59560170115,Sensitivity of occupied reaction complex only; reference conventions/prefactors unresolved
P2e,600.0,10000000000000.0,0.81,1571445.9560170113,Sensitivity of occupied reaction complex only; reference conventions/prefactors unresolved
P2f,300.0,100000000000.0,0.79,0.0053528381450815374,Sensitivity of occupied reaction complex only; reference conventions/prefactors unresolved
P2f,300.0,1000000000000.0,0.79,0.05352838145081537,Sensitivity of occupied reaction complex only; reference conventions/prefactors unresolved
P2f,300.0,10000000000000.0,0.79,0.5352838145081538,Sensitivity of occupied reaction complex only; reference conventions/prefactors unresolved
P2f,400.0,100000000000.0,0.79,11.128537249059434,Sensitivity of occupied reaction complex only; reference conventions/prefactors unresolved
P2f,400.0,1000000000000.0,0.79,111.28537249059434,Sensitivity of occupied reaction complex only; reference conventions/prefactors unresolved
P2f,400.0,10000000000000.0,0.79,1112.8537249059434,Sensitivity of occupied reaction complex only; reference conventions/prefactors unresolved
P2f,500.0,100000000000.0,0.79,1089.3074328509226,Sensitivity of occupied reaction complex only; reference conventions/prefactors unresolved
P2f,500.0,1000000000000.0,0.79,10893.074328509227,Sensitivity of occupied reaction complex only; reference conventions/prefactors unresolved
P2f,500.0,10000000000000.0,0.79,108930.74328509228,Sensitivity of occupied reaction complex only; reference conventions/prefactors unresolved
P2f,600.0,100000000000.0,0.79,23136.201384586748,Sensitivity of occupied reaction complex only; reference conventions/prefactors unresolved
P2f,600.0,1000000000000.0,0.79,231362.01384586748,Sensitivity of occupied reaction complex only; reference conventions/prefactors unresolved
P2f,600.0,10000000000000.0,0.79,2313620.138458675,Sensitivity of occupied reaction complex only; reference conventions/prefactors unresolved
P3a,300.0,100000000000.0,0.88,0.0001646837152572945,Sensitivity of occupied reaction complex only; reference conventions/prefactors unresolved
P3a,300.0,1000000000000.0,0.88,0.0016468371525729451,Sensitivity of occupied reaction complex only; reference conventions/prefactors unresolved
P3a,300.0,10000000000000.0,0.88,0.016468371525729452,Sensitivity of occupied reaction complex only; reference conventions/prefactors unresolved
P3a,400.0,100000000000.0,0.88,0.8175004343419039,Sensitivity of occupied reaction complex only; reference conventions/prefactors unresolved
P3a,400.0,1000000000000.0,0.88,8.17500434341904,Sensitivity of occupied reaction complex only; reference conventions/prefactors unresolved
P3a,400.0,10000000000000.0,0.88,81.75004343419039,Sensitivity of occupied reaction complex only; reference conventions/prefactors unresolved
P3a,500.0,100000000000.0,0.88,134.8933044651771,Sensitivity of occupied reaction complex only; reference conventions/prefactors unresolved
P3a,500.0,1000000000000.0,0.88,1348.9330446517708,Sensitivity of occupied reaction complex only; reference conventions/prefactors unresolved
P3a,500.0,10000000000000.0,0.88,13489.330446517708,Sensitivity of occupied reaction complex only; reference conventions/prefactors unresolved
P3a,600.0,100000000000.0,0.88,4058.1241387776017,Sensitivity of occupied reaction complex only; reference conventions/prefactors unresolved
P3a,600.0,1000000000000.0,0.88,40581.24138777602,Sensitivity of occupied reaction complex only; reference conventions/prefactors unresolved
P3a,600.0,10000000000000.0,0.88,405812.4138777602,Sensitivity of occupied reaction complex only; reference conventions/prefactors unresolved
P3b,300.0,100000000000.0,1.54,1.3462900875187767e-15,Sensitivity of occupied reaction complex only; reference conventions/prefactors unresolved
P3b,300.0,1000000000000.0,1.54,1.3462900875187767e-14,Sensitivity of occupied reaction complex only; reference conventions/prefactors unresolved
P3b,300.0,10000000000000.0,1.54,1.3462900875187767e-13,Sensitivity of occupied reaction complex only; reference conventions/prefactors unresolved
P3b,400.0,100000000000.0,1.54,3.9523371645397006e-09,Sensitivity of occupied reaction complex only; reference conventions/prefactors unresolved
P3b,400.0,1000000000000.0,1.54,3.9523371645397004e-08,Sensitivity of occupied reaction complex only; reference conventions/prefactors unresolved
P3b,400.0,10000000000000.0,1.54,3.9523371645397e-07,Sensitivity of occupied reaction complex only; reference conventions/prefactors unresolved
P3b,500.0,100000000000.0,1.54,3.002501194864112e-05,Sensitivity of occupied reaction complex only; reference conventions/prefactors unresolved
P3b,500.0,1000000000000.0,1.54,0.00030025011948641117,Sensitivity of occupied reaction complex only; reference conventions/prefactors unresolved
P3b,500.0,10000000000000.0,1.54,0.003002501194864112,Sensitivity of occupied reaction complex only; reference conventions/prefactors unresolved
P3b,600.0,100000000000.0,1.54,0.011602974133896778,Sensitivity of occupied reaction complex only; reference conventions/prefactors unresolved
P3b,600.0,1000000000000.0,1.54,0.11602974133896778,Sensitivity of occupied reaction complex only; reference conventions/prefactors unresolved
P3b,600.0,10000000000000.0,1.54,1.1602974133896777,Sensitivity of occupied reaction complex only; reference conventions/prefactors unresolved
P3c,300.0,100000000000.0,0.74,0.037029439864461465,Sensitivity of occupied reaction complex only; reference conventions/prefactors unresolved
P3c,300.0,1000000000000.0,0.74,0.3702943986446146,Sensitivity of occupied reaction complex only; reference conventions/prefactors unresolved
P3c,300.0,10000000000000.0,0.74,3.7029439864461464,Sensitivity of occupied reaction complex only; reference conventions/prefactors unresolved
P3c,400.0,100000000000.0,0.74,47.469029967199255,Sensitivity of occupied reaction complex only; reference conventions/prefactors unresolved
P3c,400.0,1000000000000.0,0.74,474.69029967199253,Sensitivity of occupied reaction complex only; reference conventions/prefactors unresolved
P3c,400.0,10000000000000.0,0.74,4746.902996719925,Sensitivity of occupied reaction complex only; reference conventions/prefactors unresolved
P3c,500.0,100000000000.0,0.74,3476.388347779354,Sensitivity of occupied reaction complex only; reference conventions/prefactors unresolved
P3c,500.0,1000000000000.0,0.74,34763.88347779353,Sensitivity of occupied reaction complex only; reference conventions/prefactors unresolved
P3c,500.0,10000000000000.0,0.74,347638.83477793535,Sensitivity of occupied reaction complex only; reference conventions/prefactors unresolved
P3c,600.0,100000000000.0,0.74,60851.81991071546,Sensitivity of occupied reaction complex only; reference conventions/prefactors unresolved
P3c,600.0,1000000000000.0,0.74,608518.1991071546,Sensitivity of occupied reaction complex only; reference conventions/prefactors unresolved
P3c,600.0,10000000000000.0,0.74,6085181.9910715455,Sensitivity of occupied reaction complex only; reference conventions/prefactors unresolved
P3d,300.0,100000000000.0,0.9,7.59740789499581e-05,Sensitivity of occupied reaction complex only; reference conventions/prefactors unresolved
P3d,300.0,1000000000000.0,0.9,0.0007597407894995811,Sensitivity of occupied reaction complex only; reference conventions/prefactors unresolved
P3d,300.0,10000000000000.0,0.9,0.0075974078949958114,Sensitivity of occupied reaction complex only; reference conventions/prefactors unresolved
P3d,400.0,100000000000.0,0.9,0.45761376844091617,Sensitivity of occupied reaction complex only; reference conventions/prefactors unresolved
P3d,400.0,1000000000000.0,0.9,4.5761376844091615,Sensitivity of occupied reaction complex only; reference conventions/prefactors unresolved
P3d,400.0,10000000000000.0,0.9,45.76137684409162,Sensitivity of occupied reaction complex only; reference conventions/prefactors unresolved
P3d,500.0,100000000000.0,0.9,84.80066661496132,Sensitivity of occupied reaction complex only; reference conventions/prefactors unresolved
P3d,500.0,1000000000000.0,0.9,848.0066661496132,Sensitivity of occupied reaction complex only; reference conventions/prefactors unresolved
P3d,500.0,10000000000000.0,0.9,8480.066661496132,Sensitivity of occupied reaction complex only; reference conventions/prefactors unresolved
P3d,600.0,100000000000.0,0.9,2756.339582670432,Sensitivity of occupied reaction complex only; reference conventions/prefactors unresolved
P3d,600.0,1000000000000.0,0.9,27563.39582670432,Sensitivity of occupied reaction complex only; reference conventions/prefactors unresolved
P3d,600.0,10000000000000.0,0.9,275633.95826704317,Sensitivity of occupied reaction complex only; reference conventions/prefactors unresolved
P3e,300.0,100000000000.0,0.96,7.459501517800598e-06,Sensitivity of occupied reaction complex only; reference conventions/prefactors unresolved
P3e,300.0,1000000000000.0,0.96,7.459501517800599e-05,Sensitivity of occupied reaction complex only; reference conventions/prefactors unresolved
P3e,300.0,10000000000000.0,0.96,0.0007459501517800599,Sensitivity of occupied reaction complex only; reference conventions/prefactors unresolved
P3e,400.0,100000000000.0,0.96,0.08026613570126662,Sensitivity of occupied reaction complex only; reference conventions/prefactors unresolved
P3e,400.0,1000000000000.0,0.96,0.8026613570126662,Sensitivity of occupied reaction complex only; reference conventions/prefactors unresolved
P3e,400.0,10000000000000.0,0.96,8.026613570126662,Sensitivity of occupied reaction complex only; reference conventions/prefactors unresolved
P3e,500.0,100000000000.0,0.96,21.068124882242905,Sensitivity of occupied reaction complex only; reference conventions/prefactors unresolved
P3e,500.0,1000000000000.0,0.96,210.68124882242907,Sensitivity of occupied reaction complex only; reference conventions/prefactors unresolved
P3e,500.0,10000000000000.0,0.96,2106.8124882242905,Sensitivity of occupied reaction complex only; reference conventions/prefactors unresolved
P3e,600.0,100000000000.0,0.96,863.6840578475789,Sensitivity of occupied reaction complex only; reference conventions/prefactors unresolved
P3e,600.0,1000000000000.0,0.96,8636.840578475789,Sensitivity of occupied reaction complex only; reference conventions/prefactors unresolved
P3e,600.0,10000000000000.0,0.96,86368.40578475788,Sensitivity of occupied reaction complex only; reference conventions/prefactors unresolved
P4,300.0,100000000000.0,0.53,124.85095607893193,Sensitivity of occupied reaction complex only; reference conventions/prefactors unresolved
P4,300.0,1000000000000.0,0.53,1248.5095607893193,Sensitivity of occupied reaction complex only; reference conventions/prefactors unresolved
P4,300.0,10000000000000.0,0.53,12485.095607893192,Sensitivity of occupied reaction complex only; reference conventions/prefactors unresolved
P4,400.0,100000000000.0,0.53,21003.608003146266,Sensitivity of occupied reaction complex only; reference conventions/prefactors unresolved
P4,400.0,1000000000000.0,0.53,210036.08003146265,Sensitivity of occupied reaction complex only; reference conventions/prefactors unresolved
P4,400.0,10000000000000.0,0.53,2100360.8003146267,Sensitivity of occupied reaction complex only; reference conventions/prefactors unresolved
P4,500.0,100000000000.0,0.53,454815.36023145064,Sensitivity of occupied reaction complex only; reference conventions/prefactors unresolved
P4,500.0,1000000000000.0,0.53,4548153.602314507,Sensitivity of occupied reaction complex only; reference conventions/prefactors unresolved
P4,500.0,10000000000000.0,0.53,45481536.023145065,Sensitivity of occupied reaction complex only; reference conventions/prefactors unresolved
P4,600.0,100000000000.0,0.53,3533425.47790288,Sensitivity of occupied reaction complex only; reference conventions/prefactors unresolved
P4,600.0,1000000000000.0,0.53,35334254.779028796,Sensitivity of occupied reaction complex only; reference conventions/prefactors unresolved
P4,600.0,10000000000000.0,0.53,353342547.790288,Sensitivity of occupied reaction complex only; reference conventions/prefactors unresolved
