image,arc_length_A,energy_eV,relative_energy_eV,max_unconstrained_force_eV_A
0,0.0,-186.1853746797025,0.0,0.003925572108197665
1,0.4518749339740596,-186.09108835227642,0.09428632742609011,0.46057478961608045
2,0.9930356748409723,-185.55502513233725,0.6303495473652561,1.2212441387639277
3,1.5360508169119718,-185.0779509388642,1.1074237408382999,0.6977317876907996
4,2.0821562942925844,-184.88691975091294,1.2984549287895675,0.008725403852677272
5,2.628225041151897,-185.0779163105334,1.107458369169109,0.6977281002706022
6,3.1713670811854557,-185.55510712624707,0.6302675534554396,1.2213378556372538
7,3.712530450455699,-186.09111896194435,0.09425571775815911,0.4604695151380888
8,4.164453600104639,-186.18537467972402,-2.1515234038815834e-11,0.003925572005583822
