image,nearest_molecular_atom_height_A,energy_eV,interaction_energy_eV,max_raw_force_eV_A
0,6.5,-271.94519336795014,-5.329070518200751e-15,1.8041989300783892
1,5.0,-271.94519336795014,-5.329070518200751e-15,1.8041989300783892
2,4.0,-271.9708050023279,-0.02561163437775882,1.8042089686646916
3,3.25,-272.0525278260177,-0.10733445806756059,1.8044444634248977
4,2.75,-272.12467087965825,-0.17947751170811976,1.804885918315772
5,2.25,-272.1796562595354,-0.23446289158528621,1.8059791736843185
6,1.9,-272.13804379176776,-0.19285042381762274,1.8071953185932732
7,1.6,-272.0096644224685,-0.06447105451838375,1.8083191090754278
8,1.3,-271.75604507596034,0.18914829198979,1.809697332858642
